id,name,cluster,role,bio,quotes,model
anders-munk,Anders Kristian Munk,ml,Professor,,,
frederik-bay-jorgensen,Frederik Bay-Jørgensen,ml,PhD Student,,,
david-broomham,David Anthony Charles Broomham,ml,PhD Student,,,
ina-baekgaard,Ina Bækgaard,hci,Industrial PhD Student,,,
csilla-duray,Csilla Duray,hci,PhD Student,,,
daniel-frantzen,Daniel Nordstrand Frantzen,hci,Postdoc,,,
ninette-holbech,Ninette Holbech,fab,Division Secretary,,,
julia-kirkegaard,Julia Kirch Kirkegaard,fab,Professor,,,
julius-kob,Julius Kob,fab,Postdoc,,,
lasse-kristensen,Lasse Uhrskov Kristensen,urb,PhD Student,,,people/lasse.glb
amelie-lange,Amelie Lange,urb,PhD Student,,,
benjamin-lipp,Benjamin Lipp,urb,Assistant Professor,,,
anders-koed,Anders Koed Madsen,bridge,Professor,,,
amanda-mogensen,Amanda Obitz Mogensen,bridge,Postdoc,,,
anders-puck,Anders Puck Nielsen,bridge,Industrial PhD,,,
emil-nissen,Emil Nissen,ml,PhD Student,,,
tanja-schneider,Tanja Schneider,hci,Associate Professor,,,
johan-soltoft,Johan Søltoft,fab,Postdoc,,,
rebekka-thomsen,Rebekka Nordal Thomsen,urb,PhD Student,,,
william-vergo,William Vergo,bridge,Industrial PhD,,,
brit-winthereik,Brit Ross Winthereik,bridge,Professor,,,
