id,name,cluster,role,bio
ml-alice,Alice Chen,ml,Researcher,"Hi! I'm Alice and I work on generative interfaces and machine learning for design tools."
ml-bob,Bob Okafor,ml,Engineer,"Hey, I'm Bob. I build the infrastructure that makes our ML models run in real time."
ml-carol,Carol Voss,ml,Researcher,"I'm Carol — I research how AI can support creative workflows without getting in the way."
ml-david,David Park,ml,Engineer,"Hi, I'm David. I specialise in embedded ML systems and low-power inference."
hci-eva,Eva Lindqvist,hci,Designer,"I'm Eva! I design interaction patterns that feel natural across physical and digital spaces."
hci-frank,Frank Muro,hci,Engineer,"Frank here. I prototype interfaces and build the tools that designers use to test ideas fast."
hci-grace,Grace Obi,hci,Researcher,"Hi! I'm Grace and I study how people make sense of complex information in real environments."
fab-hugo,Hugo Brandt,fab,Fabricator,"I'm Hugo — I turn digital designs into physical objects using CNC, laser, and 3D printing."
fab-iris,Iris Tan,fab,Engineer,"Hey, I'm Iris. I develop the software pipelines that connect design tools to fabrication machines."
urb-jake,Jake Osei,urb,Planner,"I'm Jake. I work on data-driven approaches to urban planning and neighbourhood design."
urb-kim,Kim Nakamura,urb,Designer,"Hi! I'm Kim and I design spatial interventions that respond to how people actually use cities."
urb-leo,Leo Santos,urb,Researcher,"I'm Leo — I research how sensor data and citizen input can reshape public space over time."
bridge-mia,Mia Sørensen,bridge,Researcher,"Hi! I'm Mia. My role is to connect people and ideas across the different research clusters."
bridge-noah,Noah Patel,bridge,Engineer,"I'm Noah — I build the shared tools and platforms that all the clusters depend on."
